,,,,,
"# New Features of RTO app:
★ Latest News With Pagination ⇒ Read the latest news related to bikes, cars, trucks and other vehicles
★ Speed Meter ⇒ View your driving speed on a speedometer in analogue, digital and map mode
★ Mileage calculator ⇒ Calculate the mileage of cars and bikes
★ Loan calculator ⇒ Fill in the required details to calculate loan
★ Vehicle expense manager ⇒ Manage your vehicle maintenance expenses
",12.05 (150),"December 29, 2022 GMT+0530",,,
"# New Features of RTO app:
★ Latest News With Pagination ⇒ Read the latest news related to bikes, cars, trucks and other vehicles
★ Speed Meter ⇒ View your driving speed on a speedometer in analogue, digital and map mode
★ Mileage calculator ⇒ Calculate the mileage of cars and bikes
★ Loan calculator ⇒ Fill in the required details to calculate loan
★ Vehicle expense manager ⇒ Manage your vehicle maintenance expenses
","12.04 (149)
","December 28, 2022 GMT+0530",,,
"# New Features of RTO app:
★ Latest News With Pagination ⇒ Read the latest news related to bikes, cars, trucks and other vehicles
★ Speed Meter ⇒ View your driving speed on a speedometer in analogue, digital and map mode
★ Mileage calculator ⇒ Calculate the mileage of cars and bikes
★ Loan calculator ⇒ Fill in the required details to calculate loan
★ Vehicle expense manager ⇒ Manage your vehicle maintenance expenses
",12.03,"December 6, 2022 GMT+0530",,,
"# New Features of RTO app:
★ Latest News With Pagination ⇒ Read the latest news related to bikes, cars, trucks and other vehicles
★ Speed Meter ⇒ View your driving speed on a speedometer in analogue, digital and map mode
★ Mileage calculator ⇒ Calculate the mileage of cars and bikes
★ Loan calculator ⇒ Fill in the required details to calculate loan
★ Vehicle expense manager ⇒ Manage your vehicle maintenance expenses
",12.02,"November 21, 2022 GMT+0530",,,
"# New Features of RTO app:
★ Latest News With Pagination ⇒ Read the latest news related to bikes, cars, trucks and other vehicles
★ Speed Meter ⇒ View your driving speed on a speedometer in analogue, digital and map mode
★ Mileage calculator ⇒ Calculate the mileage of cars and bikes
★ Loan calculator ⇒ Fill in the required details to calculate loan
★ Vehicle expense manager ⇒ Manage your vehicle maintenance expenses
",12.01,"November 8, 2022 GMT+0530",,,
"# New Features of RTO app:
★ Latest News With Pagination ⇒ Read the latest news related to bikes, cars, trucks and other vehicles
★ Speed Meter ⇒ View your driving speed on a speedometer in analogue, digital and map mode
★ Mileage calculator ⇒ Calculate the mileage of cars and bikes
★ Loan calculator ⇒ Fill in the required details to calculate loan
★ Vehicle expense manager ⇒ Manage your vehicle maintenance expenses
",12.00,"October 19, 2022 GMT+0530",,,
"# New Features of RTO app:
★ Latest News With Pagination ⇒ Read the latest news related to bikes, cars, trucks and other vehicles
★ Speed Meter ⇒ View your driving speed on a speedometer in analogue, digital and map mode
★ Mileage calculator ⇒ Calculate the mileage of cars and bikes
★ Loan calculator ⇒ Fill in the required details to calculate loan
★ Vehicle expense manager ⇒ Manage your vehicle maintenance expenses
",11.17,"October 13, 2022 GMT+0530",,,
"# New Features of RTO app:
★ Latest News With Pagination ⇒ Read the latest news related to bikes, cars, trucks and other vehicles
★ Speed Meter ⇒ View your driving speed on a speedometer in analogue, digital and map mode
★ Mileage calculator ⇒ Calculate the mileage of cars and bikes
★ Loan calculator ⇒ Fill in the required details to calculate loan
★ Vehicle expense manager ⇒ Manage your vehicle maintenance expenses
",11.14,"October 6, 2022 GMT+0530",,,
"# New Features of RTO app:
★ Latest News With Pagination ⇒ Read the latest news related to bikes, cars, trucks and other vehicles
★ Speed Meter ⇒ View your driving speed on a speedometer in analogue, digital and map mode
★ Mileage calculator ⇒ Calculate the mileage of cars and bikes
★ Loan calculator ⇒ Fill in the required details to calculate loan
★ Vehicle expense manager ⇒ Manage your vehicle maintenance expenses
",11.13,"October 6, 2022 GMT+0530",,,
"# New Features of RTO app:
★ Latest News With Pagination ⇒ Read the latest news related to bikes, cars, trucks and other vehicles
★ Speed Meter ⇒ View your driving speed on a speedometer in analogue, digital and map mode
★ Mileage calculator ⇒ Calculate the mileage of cars and bikes
★ Loan calculator ⇒ Fill in the required details to calculate loan
★ Vehicle expense manager ⇒ Manage your vehicle maintenance expenses
",11.12,"October 4, 2022 GMT+0530",,,
"# New Features of RTO app:
★ Latest News With Pagination ⇒ Read the latest news related to bikes, cars, trucks and other vehicles
★ Speed Meter ⇒ View your driving speed on a speedometer in analogue, digital and map mode
★ Mileage calculator ⇒ Calculate the mileage of cars and bikes
★ Loan calculator ⇒ Fill in the required details to calculate loan
★ Vehicle expense manager ⇒ Manage your vehicle maintenance expenses
",11.10,"September 26, 2022 GMT+0530",,,
"# New Features of RTO app:
★ Latest News With Pagination ⇒ Read the latest news related to bikes, cars, trucks and other vehicles
★ Speed Meter ⇒ View your driving speed on a speedometer in analogue, digital and map mode
★ Mileage calculator ⇒ Calculate the mileage of cars and bikes
★ Loan calculator ⇒ Fill in the required details to calculate loan
★ Vehicle expense manager ⇒ Manage your vehicle maintenance expenses
",11.09,"September 23, 2022 GMT+0530",,,
"# New Features of RTO app:
★ Latest News With Pagination ⇒ Read the latest news related to bikes, cars, trucks and other vehicles
★ Speed Meter ⇒ View your driving speed on a speedometer in analogue, digital and map mode
★ Mileage calculator ⇒ Calculate the mileage of cars and bikes
★ Loan calculator ⇒ Fill in the required details to calculate loan
★ Vehicle expense manager ⇒ Manage your vehicle maintenance expenses
",11.08,"September 21, 2022 GMT+0530




",,,
"# New Features of RTO app:
★ Latest News With Pagination ⇒ Read the latest news related to bikes, cars, trucks and other vehicles
★ Speed Meter ⇒ View your driving speed on a speedometer in analogue, digital and map mode
★ Mileage calculator ⇒ Calculate the mileage of cars and bikes
★ Loan calculator ⇒ Fill in the required details to calculate loan
★ Vehicle expense manager ⇒ Manage your vehicle maintenance expenses
",11.06,"September 1, 2022 GMT+0530",,,
"# New Features of RTO app:
★ Latest News With Pagination ⇒ Read the latest news related to bikes, cars, trucks and other vehicles
★ Speed Meter ⇒ View your driving speed on a speedometer in analogue, digital and map mode
★ Mileage calculator ⇒ Calculate the mileage of cars and bikes
★ Loan calculator ⇒ Fill in the required details to calculate loan
★ Vehicle expense manager ⇒ Manage your vehicle maintenance expenses
",11.05,"August 22, 2022 GMT+0530",,,
"# New Features of RTO app:
★ Latest News With Pagination ⇒ Read the latest news related to bikes, cars, trucks and other vehicles
★ Speed Meter ⇒ View your driving speed on a speedometer in analogue, digital and map mode
★ Mileage calculator ⇒ Calculate the mileage of cars and bikes
★ Loan calculator ⇒ Fill in the required details to calculate loan
★ Vehicle expense manager ⇒ Manage your vehicle maintenance expenses
",11.04,"August 16, 2022 GMT+0530",,,
"# New Features of RTO app:
★ Latest News With Pagination ⇒ Read the latest news related to bikes, cars, trucks and other vehicles
★ Speed Meter ⇒ View your driving speed on a speedometer in analogue, digital and map mode
★ Mileage calculator ⇒ Calculate the mileage of cars and bikes
★ Loan calculator ⇒ Fill in the required details to calculate loan
★ Vehicle expense manager ⇒ Manage your vehicle maintenance expenses
",11.02,"August 9, 2022 GMT+0530",,,
"# New Features of RTO app:
★ Latest News With Pagination ⇒ Read the latest news related to bikes, cars, trucks and other vehicles
★ Speed Meter ⇒ View your driving speed on a speedometer in analogue, digital and map mode
★ Mileage calculator ⇒ Calculate the mileage of cars and bikes
★ Loan calculator ⇒ Fill in the required details to calculate loan
★ Vehicle expense manager ⇒ Manage your vehicle maintenance expenses
",10.23,"July 28, 2022 GMT+0530",,,
"# New Features of RTO app:
★ Latest News With Pagination ⇒ Read the latest news related to bikes, cars, trucks and other vehicles
★ Speed Meter ⇒ View your driving speed on a speedometer in analogue, digital and map mode
★ Mileage calculator ⇒ Calculate the mileage of cars and bikes
★ Loan calculator ⇒ Fill in the required details to calculate loan
★ Vehicle expense manager ⇒ Manage your vehicle maintenance expenses
",10.21,"July 27, 2022 GMT+0530",,,
"# New Features of RTO app:
★ Latest News With Pagination ⇒ Read the latest news related to bikes, cars, trucks and other vehicles
★ Speed Meter ⇒ View your driving speed on a speedometer in analogue, digital and map mode
★ Mileage calculator ⇒ Calculate the mileage of cars and bikes
★ Loan calculator ⇒ Fill in the required details to calculate loan
★ Vehicle expense manager ⇒ Manage your vehicle maintenance expenses
",10.20,"July 26, 2022 GMT+0530",,,
"# New Features of RTO app:
★ Latest News With Pagination ⇒ Read the latest news related to bikes, cars, trucks and other vehicles
★ Speed Meter ⇒ View your driving speed on a speedometer in analogue, digital and map mode
★ Mileage calculator ⇒ Calculate the mileage of cars and bikes
★ Loan calculator ⇒ Fill in the required details to calculate loan
★ Vehicle expense manager ⇒ Manage your vehicle maintenance expenses
",10.19,"July 25, 2022 GMT+0530",,,
"# New Features of RTO app:
★ Latest News With Pagination ⇒ Read the latest news related to bikes, cars, trucks and other vehicles
★ Speed Meter ⇒ View your driving speed on a speedometer in analogue, digital and map mode
★ Mileage calculator ⇒ Calculate the mileage of cars and bikes
★ Loan calculator ⇒ Fill in the required details to calculate loan
★ Vehicle expense manager ⇒ Manage your vehicle maintenance expenses
",10.18,"July 12, 2022 GMT+0530",,,
"# New Features of RTO app:
★ Latest News With Pagination ⇒ Read the latest news related to bikes, cars, trucks and other vehicles
★ Speed Meter ⇒ View your driving speed on a speedometer in analogue, digital and map mode
★ Mileage calculator ⇒ Calculate the mileage of cars and bikes
★ Loan calculator ⇒ Fill in the required details to calculate loan
★ Vehicle expense manager ⇒ Manage your vehicle maintenance expenses
",10.16,"June 20, 2022 GMT+0530",,,
"# New Features of RTO app:
★ Latest News With Pagination ⇒ Read the latest news related to bikes, cars, trucks and other vehicles
★ Speed Meter ⇒ View your driving speed on a speedometer in analogue, digital and map mode
★ Mileage calculator ⇒ Calculate the mileage of cars and bikes
★ Loan calculator ⇒ Fill in the required details to calculate loan
★ Vehicle expense manager ⇒ Manage your vehicle maintenance expenses
",10.15,"June 8, 2022 GMT+0530",,,
"# New Features of RTO app:
★ Latest News With Pagination ⇒ Read the latest news related to bikes, cars, trucks and other vehicles
★ Speed Meter ⇒ View your driving speed on a speedometer in analogue, digital and map mode
★ Mileage calculator ⇒ Calculate the mileage of cars and bikes
★ Loan calculator ⇒ Fill in the required details to calculate loan
★ Vehicle expense manager ⇒ Manage your vehicle maintenance expenses
",10.14,"May 18, 2022 GMT+0530",,,
"# New Features of RTO app:
★ Latest News With Pagination ⇒ Read the latest news related to bikes, cars, trucks and other vehicles
★ Speed Meter ⇒ View your driving speed on a speedometer in analogue, digital and map mode
★ Mileage calculator ⇒ Calculate the mileage of cars and bikes
★ Loan calculator ⇒ Fill in the required details to calculate loan
★ Vehicle expense manager ⇒ Manage your vehicle maintenance expenses
",10.12,"May 9, 2022 GMT+0530",,,
"# New Features of RTO app:
★ Latest News With Pagination ⇒ Read the latest news related to bikes, cars, trucks and other vehicles
★ Speed Meter ⇒ View your driving speed on a speedometer in analogue, digital and map mode
★ Mileage calculator ⇒ Calculate the mileage of cars and bikes
★ Loan calculator ⇒ Fill in the required details to calculate loan
★ Vehicle expense manager ⇒ Manage your vehicle maintenance expenses
",10.10,"April 23, 2022 GMT+0530",,,
"# New Features of RTO app:
★ Latest News With Pagination ⇒ Read the latest news related to bikes, cars, trucks and other vehicles
★ Speed Meter ⇒ View your driving speed on a speedometer in analogue, digital and map mode
★ Mileage calculator ⇒ Calculate the mileage of cars and bikes
★ Loan calculator ⇒ Fill in the required details to calculate loan
★ Vehicle expense manager ⇒ Manage your vehicle maintenance expenses
",10.06,"April 11, 2022 GMT+0530",,,
"# New Features of RTO app:
★ Latest News With Pagination ⇒ Read the latest news related to bikes, cars, trucks and other vehicles
★ Speed Meter ⇒ View your driving speed on a speedometer in analogue, digital and map mode
★ Mileage calculator ⇒ Calculate the mileage of cars and bikes
★ Loan calculator ⇒ Fill in the required details to calculate loan
★ Vehicle expense manager ⇒ Manage your vehicle maintenance expenses
",10.05,"March 31, 2022 GMT+0530",,,
"# New Features of RTO app:
★ Latest News With Pagination ⇒ Read the latest news related to bikes, cars, trucks and other vehicles
★ Speed Meter ⇒ View your driving speed on a speedometer in analogue, digital and map mode
★ Mileage calculator ⇒ Calculate the mileage of cars and bikes
★ Loan calculator ⇒ Fill in the required details to calculate loan
★ Vehicle expense manager ⇒ Manage your vehicle maintenance expenses
",10.04,"March 24, 2022 GMT+0530",,,
"# New Features of RTO app:
★ Latest News With Pagination ⇒ Read the latest news related to bikes, cars, trucks and other vehicles
★ Speed Meter ⇒ View your driving speed on a speedometer in analogue, digital and map mode
★ Mileage calculator ⇒ Calculate the mileage of cars and bikes
★ Loan calculator ⇒ Fill in the required details to calculate loan
★ Vehicle expense manager ⇒ Manage your vehicle maintenance expenses
",10.03,"March 1, 2022 GMT+0530



",,,
"# New Features of RTO app:
★ Latest News With Pagination ⇒ Read the latest news related to bikes, cars, trucks and other vehicles
★ Speed Meter ⇒ View your driving speed on a speedometer in analogue, digital and map mode
★ Mileage calculator ⇒ Calculate the mileage of cars and bikes
★ Loan calculator ⇒ Fill in the required details to calculate loan
★ Vehicle expense manager ⇒ Manage your vehicle maintenance expenses
",10.02,"January 27, 2022 GMT+0530",,,
"# New Features of RTO app:
★ Latest News With Pagination ⇒ Read the latest news related to bikes, cars, trucks and other vehicles
★ Speed Meter ⇒ View your driving speed on a speedometer in analogue, digital and map mode
★ Mileage calculator ⇒ Calculate the mileage of cars and bikes
★ Loan calculator ⇒ Fill in the required details to calculate loan
★ Vehicle expense manager ⇒ Manage your vehicle maintenance expenses
",10.01,"January 12, 2022 GMT+0530",,,
"# New Features of RTO app:
★ Latest News With Pagination ⇒ Read the latest news related to bikes, cars, trucks and other vehicles
★ Speed Meter ⇒ View your driving speed on a speedometer in analogue, digital and map mode
★ Mileage calculator ⇒ Calculate the mileage of cars and bikes
★ Loan calculator ⇒ Fill in the required details to calculate loan
★ Vehicle expense manager ⇒ Manage your vehicle maintenance expenses
",9.5,"December 15, 2021 GMT+0530",,,